Modelo	Almacenamiento	PrecioB2B	PrecioB2C	Tipo	Pantalla	Año	Procesador
iPhone XS Max	256GB	105		iPhone			
iPhone XS Max	512GB	110		iPhone			
iPhone XS Max	64GB	90		iPhone			
iPhone XS	256GB	75		iPhone			
iPhone XS	512GB	90		iPhone			
iPhone XS	64GB	65		iPhone			
iPhone XR	128GB	80		iPhone			
iPhone XR	256GB	90		iPhone			
iPhone XR	64GB	70		iPhone			
iPhone X	64GB	50		iPhone			
iPhone X	256GB	60		iPhone			
iPhone SE (3rd generation)	128GB	105		iPhone			
iPhone SE (3rd generation)	256GB	120		iPhone			
iPhone SE (3rd generation)	64GB	90		iPhone			
iPhone SE (2nd generation)	128GB	40		iPhone			
iPhone SE (2nd generation)	256GB	50		iPhone			
iPhone SE (2nd generation)	64GB	30		iPhone			
iPhone 8 Plus	64GB	45		iPhone			
iPhone 8 Plus	256GB	60		iPhone			
iPhone 8 Plus	128GB	55		iPhone			
iPhone 15 Pro Max	1TB	625		iPhone			
iPhone 15 Pro Max	256GB	565		iPhone			
iPhone 15 Pro Max	512GB	595		iPhone			
iPhone 15 Pro	128GB	550		iPhone			
iPhone 15 Pro	1TB	650		iPhone			
iPhone 15 Pro	256GB	585		iPhone			
iPhone 15 Pro	512GB	635		iPhone			
iPhone 15 Plus	128GB	395		iPhone			
iPhone 15 Plus	256GB	410		iPhone			
iPhone 15 Plus	512GB	440		iPhone			
iPhone 15	128GB	360		iPhone			
iPhone 15	256GB	380		iPhone			
iPhone 15	512GB	400		iPhone			
iPhone 14 Pro Max	128GB	420		iPhone			
iPhone 14 Pro Max	1TB	470		iPhone			
iPhone 14 Pro Max	256GB	445		iPhone			
iPhone 14 Pro Max	512GB	460		iPhone			
iPhone 14 Pro	128GB	345		iPhone			
iPhone 14 Pro	1TB	410		iPhone			
iPhone 14 Pro	256GB	375		iPhone			
iPhone 14 Pro	512GB	395		iPhone			
iPhone 14 Plus	128GB	285		iPhone			
iPhone 14 Plus	256GB	320		iPhone			
iPhone 14 Plus	512GB	325		iPhone			
iPhone 14	128GB	275		iPhone			
iPhone 14	256GB	305		iPhone			
iPhone 14	512GB	350		iPhone			
iPhone 13 Pro Max	128GB	300		iPhone			
iPhone 13 Pro Max	1TB	350		iPhone			
iPhone 13 Pro Max	256GB	315		iPhone			
iPhone 13 Pro Max	512GB	335		iPhone			
iPhone 13 Pro	128GB	250		iPhone			
iPhone 13 Pro	1TB	305		iPhone			
iPhone 13 Pro	256GB	265		iPhone			
iPhone 13 Pro	512GB	290		iPhone			
iPhone 13 Mini	128GB	160		iPhone			
iPhone 13 Mini	256GB	190		iPhone			
iPhone 13 Mini	512GB	205		iPhone			
iPhone 13	128GB	210		iPhone			
iPhone 13	256GB	240		iPhone			
iPhone 13	512GB	260		iPhone			
iPhone 12 Pro Max	128GB	225		iPhone			
iPhone 12 Pro Max	256GB	240		iPhone			
iPhone 12 Pro Max	512GB	260		iPhone			
iPhone 12 Pro	128GB	170		iPhone			
iPhone 12 Pro	256GB	190		iPhone			
iPhone 12 Pro	512GB	205		iPhone			
iPhone 12 Mini	128GB	115		iPhone			
iPhone 12 Mini	256GB	125		iPhone			
iPhone 12 Mini	64GB	95		iPhone			
iPhone 12	128GB	140		iPhone			
iPhone 12	256GB	150		iPhone			
iPhone 12	64GB	120		iPhone			
iPhone 11 Pro Max	256GB	175		iPhone			
iPhone 11 Pro Max	512GB	185		iPhone			
iPhone 11 Pro Max	64GB	150		iPhone			
iPhone 11 Pro	256GB	130		iPhone			
iPhone 11 Pro	512GB	140		iPhone			
iPhone 11 Pro	64GB	115		iPhone			
iPhone 11	128GB	115		iPhone			
iPhone 11	256GB	125		iPhone			
iPhone 11	64GB	95		iPhone			
iPad Pro (9,7 pulgadas) Wi-Fi	32GB	35		iPad			
iPad Pro (9,7 pulgadas) Wi-Fi	128GB	45		iPad			
iPad Pro (9,7 pulgadas) Wi-Fi	256GB	50		iPad			
iPad Pro (9,7 pulgadas) Cellular	32GB	40		iPad			
iPad Pro (9,7 pulgadas) Cellular	128GB	50		iPad			
iPad Pro (9,7 pulgadas) Cellular	256GB	60		iPad			
iPad Pro 13-inch (M4) Wi-Fi	1TB	680		iPad			M4
iPad Pro 13-inch (M4) Wi-Fi	256GB	610		iPad			M4
iPad Pro 13-inch (M4) Wi-Fi	2TB	720		iPad			M4
iPad Pro 13-inch (M4) Wi-Fi	512GB	640		iPad			M4
iPad Pro 13-inch (M4) Cellular	1TB	700		iPad			M4
iPad Pro 13-inch (M4) Cellular	256GB	630		iPad			M4
iPad Pro 13-inch (M4) Cellular	2TB	730		iPad			M4
iPad Pro 13-inch (M4) Cellular	512GB	670		iPad			M4
iPad Pro (12,9 pulgadas) Wi-Fi	32GB	50		iPad			
iPad Pro (12,9 pulgadas) Wi-Fi	128GB	60		iPad			
iPad Pro (12,9 pulgadas) Wi-Fi	256GB	75		iPad			
iPad Pro (12,9 pulgadas) Cellular	128GB	65		iPad			
iPad Pro (12,9 pulgadas) Cellular	256GB	80		iPad			
iPad Pro de 12,9 pulgadas (6.ª generación) Wi-Fi	128GB	440		iPad			
iPad Pro de 12,9 pulgadas (6.ª generación) Wi-Fi	1TB	515		iPad			
iPad Pro de 12,9 pulgadas (6.ª generación) Wi-Fi	256GB	455		iPad			
iPad Pro de 12,9 pulgadas (6.ª generación) Wi-Fi	2TB	560		iPad			
iPad Pro de 12,9 pulgadas (6.ª generación) Wi-Fi	512GB	475		iPad			
iPad Pro de 12,9 pulgadas (6.ª generación) Cellular	128GB	445		iPad			
iPad Pro de 12,9 pulgadas (6.ª generación) Cellular	1TB	545		iPad			
iPad Pro de 12,9 pulgadas (6.ª generación) Cellular	256GB	465		iPad			
iPad Pro de 12,9 pulgadas (6.ª generación) Cellular	2TB	580		iPad			
iPad Pro de 12,9 pulgadas (6.ª generación) Cellular	512GB	500		iPad			
iPad Pro de 12,9 pulgadas (5.ª generación) Wi-Fi	128GB	370		iPad			
iPad Pro de 12,9 pulgadas (5.ª generación) Wi-Fi	1TB	450		iPad			
iPad Pro de 12,9 pulgadas (5.ª generación) Wi-Fi	256GB	400		iPad			
iPad Pro de 12,9 pulgadas (5.ª generación) Wi-Fi	2TB	485		iPad			
iPad Pro de 12,9 pulgadas (5.ª generación) Wi-Fi	512GB	420		iPad			
iPad Pro de 12,9 pulgadas (5.ª generación) Cellular	128GB	390		iPad			
iPad Pro de 12,9 pulgadas (5.ª generación) Cellular	1TB	470		iPad			
iPad Pro de 12,9 pulgadas (5.ª generación) Cellular	256GB	410		iPad			
iPad Pro de 12,9 pulgadas (5.ª generación) Cellular	2TB	500		iPad			
iPad Pro de 12,9 pulgadas (5.ª generación) Cellular	512GB	440		iPad			
iPad Pro de 12,9 pulgadas (4.ª generación) Wi-Fi	128GB	280		iPad			
iPad Pro de 12,9 pulgadas (4.ª generación) Wi-Fi	1TB	360		iPad			
iPad Pro de 12,9 pulgadas (4.ª generación) Wi-Fi	256GB	315		iPad			
iPad Pro de 12,9 pulgadas (4.ª generación) Wi-Fi	512GB	330		iPad			
iPad Pro de 12,9 pulgadas (4.ª generación) Cellular	128GB	290		iPad			
iPad Pro de 12,9 pulgadas (4.ª generación) Cellular	1TB	370		iPad			
iPad Pro de 12,9 pulgadas (4.ª generación) Cellular	256GB	330		iPad			
iPad Pro de 12,9 pulgadas (4.ª generación) Cellular	512GB	330		iPad			
iPad Pro de 12,9 pulgadas (3.ª generación) Wi-Fi	1TB	265		iPad			
iPad Pro de 12,9 pulgadas (3.ª generación) Wi-Fi	256GB	230		iPad			
iPad Pro de 12,9 pulgadas (3.ª generación) Wi-Fi	512GB	245		iPad			
iPad Pro de 12,9 pulgadas (3.ª generación) Wi-Fi	64GB	210		iPad			
iPad Pro de 12,9 pulgadas (3.ª generación) Cellular	1TB	270		iPad			
iPad Pro de 12,9 pulgadas (3.ª generación) Cellular	256GB	240		iPad			
iPad Pro de 12,9 pulgadas (3.ª generación) Cellular	512GB	255		iPad			
iPad Pro de 12,9 pulgadas (3.ª generación) Cellular	64GB	220		iPad			
iPad Pro de 12,9 pulgadas (2.ª generación) Wi-Fi	256GB	125		iPad			
iPad Pro de 12,9 pulgadas (2.ª generación) Wi-Fi	512GB	135		iPad			
iPad Pro de 12,9 pulgadas (2.ª generación) Wi-Fi	64GB	110		iPad			
iPad Pro de 12,9 pulgadas (2.ª generación) Cellular	256GB	130		iPad			
iPad Pro de 12,9 pulgadas (2.ª generación) Cellular	512GB	145		iPad			
iPad Pro de 12,9 pulgadas (2.ª generación) Cellular	64GB	115		iPad			
iPad Pro de 11 pulgadas Wi-Fi	1TB	200		iPad	11 pulgadas		
iPad Pro de 11 pulgadas Wi-Fi	256GB	155		iPad	11 pulgadas		
iPad Pro de 11 pulgadas Wi-Fi	512GB	165		iPad	11 pulgadas		
iPad Pro de 11 pulgadas Wi-Fi	64GB	120		iPad	11 pulgadas		
iPad Pro de 11 pulgadas Cellular	1TB	210		iPad	11 pulgadas		
iPad Pro de 11 pulgadas Cellular	256GB	165		iPad	11 pulgadas		
iPad Pro de 11 pulgadas Cellular	512GB	180		iPad	11 pulgadas		
iPad Pro de 11 pulgadas Cellular	64GB	130		iPad	11 pulgadas		
iPad Pro de 11 pulgadas (4.ª generación) Wi-Fi	128GB	300		iPad	11 pulgadas		
iPad Pro de 11 pulgadas (4.ª generación) Wi-Fi	1TB	365		iPad	11 pulgadas		
iPad Pro de 11 pulgadas (4.ª generación) Wi-Fi	256GB	325		iPad	11 pulgadas		
iPad Pro de 11 pulgadas (4.ª generación) Wi-Fi	2TB	400		iPad	11 pulgadas		
iPad Pro de 11 pulgadas (4.ª generación) Wi-Fi	512GB	350		iPad	11 pulgadas		
iPad Pro de 11 pulgadas (4.ª generación) Cellular	128GB	325		iPad	11 pulgadas		
iPad Pro de 11 pulgadas (4.ª generación) Cellular	1TB	390		iPad	11 pulgadas		
iPad Pro de 11 pulgadas (4.ª generación) Cellular	256GB	340		iPad	11 pulgadas		
iPad Pro de 11 pulgadas (4.ª generación) Cellular	2TB	420		iPad	11 pulgadas		
iPad Pro de 11 pulgadas (4.ª generación) Cellular	512GB	360		iPad	11 pulgadas		
iPad Pro de 11 pulgadas (3.ª generación) Wi-Fi	128GB	270		iPad	11 pulgadas		
iPad Pro de 11 pulgadas (3.ª generación) Wi-Fi	1TB	340		iPad	11 pulgadas		
iPad Pro de 11 pulgadas (3.ª generación) Wi-Fi	256GB	290		iPad	11 pulgadas		
iPad Pro de 11 pulgadas (3.ª generación) Wi-Fi	2TB	350		iPad	11 pulgadas		
iPad Pro de 11 pulgadas (3.ª generación) Wi-Fi	512GB	320		iPad	11 pulgadas		
iPad Pro de 11 pulgadas (3.ª generación) Cellular	128GB	280		iPad	11 pulgadas		
iPad Pro de 11 pulgadas (3.ª generación) Cellular	1TB	345		iPad	11 pulgadas		
iPad Pro de 11 pulgadas (3.ª generación) Cellular	256GB	300		iPad	11 pulgadas		
iPad Pro de 11 pulgadas (3.ª generación) Cellular	2TB	370		iPad	11 pulgadas		
iPad Pro de 11 pulgadas (3.ª generación) Cellular	512GB	330		iPad	11 pulgadas		
iPad Pro de 11 pulgadas (2.ª generación) Wi-Fi	128GB	215		iPad	11 pulgadas		
iPad Pro de 11 pulgadas (2.ª generación) Wi-Fi	1TB	280		iPad	11 pulgadas		
iPad Pro de 11 pulgadas (2.ª generación) Wi-Fi	256GB	240		iPad	11 pulgadas		
iPad Pro de 11 pulgadas (2.ª generación) Wi-Fi	512GB	260		iPad	11 pulgadas		
iPad Pro de 11 pulgadas (2.ª generación) Cellular	128GB	230		iPad	11 pulgadas		
iPad Pro de 11 pulgadas (2.ª generación) Cellular	1TB	295		iPad	11 pulgadas		
iPad Pro de 11 pulgadas (2.ª generación) Cellular	256GB	245		iPad	11 pulgadas		
iPad Pro de 11 pulgadas (2.ª generación) Cellular	512GB	270		iPad	11 pulgadas		
iPad Pro 11-inch (M4)  Wi-Fi	1TB	460		iPad			M4
iPad Pro 11-inch (M4)  Wi-Fi	2TB	480		iPad			M4
iPad Pro 11-inch (M4)  Wi-Fi	256GB	395		iPad			M4
iPad Pro 11-inch (M4)  Wi-Fi	512GB	425		iPad			M4
iPad Pro 11-inch (M4) Cellular	1TB	480		iPad			M4
iPad Pro 11-inch (M4) Cellular	2TB	500		iPad			M4
iPad Pro 11-inch (M4) Cellular	256GB	410		iPad			M4
iPad Pro 11-inch (M4) Cellular	512GB	430		iPad			M4
iPad Pro (10,5 pulgadas) Wi-Fi	64GB	55		iPad			
iPad Pro (10,5 pulgadas) Wi-Fi	256GB	60		iPad			
iPad Pro (10,5 pulgadas) Wi-Fi	512GB	80		iPad			
iPad Pro (10,5 pulgadas) Cellular	64GB	60		iPad			
iPad Pro (10,5 pulgadas) Cellular	256GB	70		iPad			
iPad Pro (10,5 pulgadas) Cellular	512GB	90		iPad			
iPad mini (6.ª generación) Wi-Fi	256GB	185		iPad			
iPad mini (6.ª generación) Wi-Fi	64GB	160		iPad			
iPad mini (6.ª generación) Cellular	256GB	200		iPad			
iPad mini (6.ª generación) Cellular	64GB	175		iPad			
iPad mini (5.ª generación) Wi-Fi	256GB	100		iPad			
iPad mini (5.ª generación) Wi-Fi	64GB	85		iPad			
iPad mini (5.ª generación) Cellular	256GB	110		iPad			
iPad mini (5.ª generación) Cellular	64GB	95		iPad			
iPad Air (5.ª generación) Wi-Fi	256GB	270		iPad			
iPad Air (5.ª generación) Wi-Fi	64GB	235		iPad			
iPad Air (5.ª generación) Cellular	256GB	280		iPad			
iPad Air (5.ª generación) Cellular	64GB	255		iPad			
iPad Air (4.ª generación) Wi-Fi	256GB	170		iPad			
iPad Air (4.ª generación) Wi-Fi	64GB	140		iPad			
iPad Air (4.ª generación) Cellular	256GB	180		iPad			
iPad Air (4.ª generación) Cellular	64GB	160		iPad			
iPad Air (3.ª generación) Wi-Fi	256GB	100		iPad			
iPad Air (3.ª generación) Wi-Fi	64GB	65		iPad			
iPad Air (3.ª generación) Cellular	256GB	110		iPad			
iPad Air (3.ª generación) Cellular	64GB	80		iPad			
iPad Air 13 pulgadas (6.ª generación) Wi-Fi	1TB	475		iPad	13 pulgadas		
iPad Air 13 pulgadas (6.ª generación) Wi-Fi	128GB	390		iPad	13 pulgadas		
iPad Air 13 pulgadas (6.ª generación) Wi-Fi	256GB	425		iPad	13 pulgadas		
iPad Air 13 pulgadas (6.ª generación) Wi-Fi	512GB	460		iPad	13 pulgadas		
iPad Air 13 pulgadas (6.ª generación) Cellular	1TB	500		iPad	13 pulgadas		
iPad Air 13 pulgadas (6.ª generación) Cellular	128GB	425		iPad	13 pulgadas		
iPad Air 13 pulgadas (6.ª generación) Cellular	256GB	460		iPad	13 pulgadas		
iPad Air 13 pulgadas (6.ª generación) Cellular	512GB	470		iPad	13 pulgadas		
iPad Air 11 pulgadas (6.ª generación) Wifi	1TB	360		iPad	11 pulgadas		
iPad Air 11 pulgadas (6.ª generación) Wifi	128GB	280		iPad	11 pulgadas		
iPad Air 11 pulgadas (6.ª generación) Wifi	256GB	320		iPad	11 pulgadas		
iPad Air 11 pulgadas (6.ª generación) Wifi	512GB	350		iPad	11 pulgadas		
iPad Air 11 pulgadas (6.ª generación) Cellular	1TB	385		iPad	11 pulgadas		
iPad Air 11 pulgadas (6.ª generación) Cellular	128GB	320		iPad	11 pulgadas		
iPad Air 11 pulgadas (6.ª generación) Cellular	256GB	350		iPad	11 pulgadas		
iPad Air 11 pulgadas (6.ª generación) Cellular	512GB	360		iPad	11 pulgadas		
iPad (9.ª generación) Wi-Fi	256GB	130		iPad			
iPad (9.ª generación) Wi-Fi	64GB	110		iPad			
iPad (9.ª generación) Cellular	256GB	145		iPad			
iPad (9.ª generación) Cellular	64GB	120		iPad			
iPad (8.ª generación) Wi-Fi	128GB	85		iPad			
iPad (8.ª generación) Wi-Fi	32GB	75		iPad			
iPad (8.ª generación) Cellular	128GB	105		iPad			
iPad (8.ª generación) Cellular	32GB	85		iPad			
iPad (7.ª generación) Wi-Fi	128GB	70		iPad			
iPad (7.ª generación) Wi-Fi	32GB	50		iPad			
iPad (7.ª generación) Cellular	128GB	80		iPad			
iPad (7.ª generación) Cellular	32GB	60		iPad			
iPad (6.ª generación) Wi-Fi	128GB	35		iPad			
iPad (6.ª generación) Wi-Fi	32GB	25		iPad			
iPad (6.ª generación) Cellular	128GB	40		iPad			
iPad (6.ª generación) Cellular	32GB	30		iPad			
iPad (10.ª generación) Wi-Fi	256GB	190		iPad			
iPad (10.ª generación) Wi-Fi	64GB	140		iPad			
iPad (10.ª generación) Cellular	256GB	200		iPad			
iPad (10.ª generación) Cellular	64GB	150		iPad			
MacBook Pro (16 pulgadas, 2023) A2991 M3 Max 16 Core Cpu 40 Core GPU	8TB	1520		MacBook Pro	16 pulgadas	2023	M3 Max
MacBook Pro (14 pulgadas, 2023) A2992 M3 Max 16 Core Cpu 40 Core GPU	8TB	1500		MacBook Pro	14 pulgadas	2023	M3 Max
MacBook Pro (16 pulgadas, 2023) A2991 M3 Max 16 Core Cpu 40 Core GPU	4TB	1425		MacBook Pro	16 pulgadas	2023	M3 Max
MacBook Pro (14 pulgadas, 2023) A2992 M3 Max 14 Core Cpu 30 Core GPU	8TB	1390		MacBook Pro	14 pulgadas	2023	M3 Max
MacBook Pro (16 pulgadas, 2023) A2991 M3 Max 14 Core Cpu 30 Core GPU	8TB	1390		MacBook Pro	16 pulgadas	2023	M3 Max
MacBook Pro (16 pulgadas, 2023) A2991 M3 Max 16 Core Cpu 40 Core GPU	2TB	1365		MacBook Pro	16 pulgadas	2023	M3 Max
MacBook Pro (14 pulgadas, 2023) A2992 M3 Max 16 Core Cpu 40 Core GPU	4TB	1320		MacBook Pro	14 pulgadas	2023	M3 Max
MacBook Pro (16 pulgadas, 2023) A2991 M3 Max 16 Core Cpu 40 Core GPU	1TB	1310		MacBook Pro	16 pulgadas	2023	M3 Max
MacBook Pro (16 pulgadas, 2023) A2991 M3 Max 14 Core Cpu 30 Core GPU	4TB	1300		MacBook Pro	16 pulgadas	2023	M3 Max
MacBook Pro (16 pulgadas, 2023) A2991 M3 Max 14 Core Cpu 30 Core GPU	2TB	1250		MacBook Pro	16 pulgadas	2023	M3 Max
MacBook Pro (16 pulgadas, 2023) A2991 M3 Max 14 Core Cpu 30 Core GPU	1TB	1175		MacBook Pro	16 pulgadas	2023	M3 Max
MacBook Pro (14 pulgadas, 2023) A2992 M3 Max 14 Core Cpu 30 Core GPU	4TB	1145		MacBook Pro	14 pulgadas	2023	M3 Max
MacBook Pro (14 pulgadas, 2023) A2992 M3 Max 16 Core Cpu 40 Core GPU	2TB	1125		MacBook Pro	14 pulgadas	2023	M3 Max
MacBook Pro (14 pulgadas, 2023) A2992 M3 Max 16 Core Cpu 40 Core GPU	1TB	1060		MacBook Pro	14 pulgadas	2023	M3 Max
MacBook Pro (14 pulgadas, 2023) A2992 M3 Max 14 Core Cpu 30 Core GPU	2TB	990		MacBook Pro	14 pulgadas	2023	M3 Max
MacBook Pro (16 pulgadas, 2023) A2991 M3 Max 14 Core Cpu 30 Core GPU	512GB	920		MacBook Pro	16 pulgadas	2023	M3 Max
MacBook Pro (16 pulgadas, 2023) A2991 M3 Pro 12 Core Cpu 18 Core GPU	4TB	920		MacBook Pro	16 pulgadas	2023	M3 Pro
MacBook Pro (16 pulgadas, 2023) A2991 M3 Max 16 Core Cpu 40 Core GPU	512GB	920		MacBook Pro	16 pulgadas	2023	M3 Max
MacBook Pro (16 pulgadas, 2023) A2991 M3 Pro 12 Core Cpu 18 Core GPU	2TB	850		MacBook Pro	16 pulgadas	2023	M3 Pro
MacBook Pro (14 pulgadas, 2023) A2992 M3 Max 16 Core Cpu 40 Core GPU	512GB	830		MacBook Pro	14 pulgadas	2023	M3 Max
MacBook Pro (14 pulgadas, 2023) A2992 M3 Pro 12 Core Cpu 18 Core GPU	4TB	810		MacBook Pro	14 pulgadas	2023	M3 Pro
MacBook Pro (14 pulgadas, 2023) A2992 M3 Max 14 Core Cpu 30 Core GPU	1TB	785		MacBook Pro	14 pulgadas	2023	M3 Max
MacBook Pro (16 pulgadas, 2023) A2991 M3 Pro 12 Core Cpu 18 Core GPU	1TB	785		MacBook Pro	16 pulgadas	2023	M3 Pro
MacBook Pro (14 pulgadas, 2023) A2992 M3 Pro 11 Core Cpu 14 Core GPU	4TB	780		MacBook Pro	14 pulgadas	2023	M3 Pro
MacBook Pro (14 pulgadas, 2023) A2992 M3 Max 14 Core Cpu 30 Core GPU	512GB	770		MacBook Pro	14 pulgadas	2023	M3 Max
MacBook Pro (14 pulgadas, 2023) A2992 M3 Pro 12 Core Cpu 18 Core GPU	2TB	760		MacBook Pro	14 pulgadas	2023	M3 Pro
MacBook Pro (14 pulgadas, 2023) A2992 M3 Pro 11 Core Cpu 14 Core GPU	2TB	720		MacBook Pro	14 pulgadas	2023	M3 Pro
MacBook Pro (14 pulgadas, 2023) A2992 M3 Pro 12 Core Cpu 18 Core GPU	1TB	720		MacBook Pro	14 pulgadas	2023	M3 Pro
MacBook Pro (14 pulgadas, 2023) A2918 M3 8 Core Cpu 10 Core GPU	2TB	690		MacBook Pro	14 pulgadas	2023	M3
MacBook Pro (14 pulgadas, 2023) A2992 M3 Pro 11 Core Cpu 14 Core GPU	1TB	650		MacBook Pro	14 pulgadas	2023	M3 Pro
MacBook Pro (14 pulgadas, 2023) A2992 M3 Pro 12 Core Cpu 18 Core GPU	512GB	650		MacBook Pro	14 pulgadas	2023	M3 Pro
MacBook Pro (16 pulgadas, 2023) A2992 M3 Pro 12 Core Cpu 18 Core GPU	512GB	650		MacBook Pro	16 pulgadas	2023	M3 Pro
MacBook Pro (14 pulgadas, 2023) A2918 M3 8 Core Cpu 10 Core GPU	1TB	565		MacBook Pro	14 pulgadas	2023	M3
MacBook Pro (14 pulgadas, 2023) A2992 M3 Pro 11 Core Cpu 14 Core GPU	512GB	510		MacBook Pro	14 pulgadas	2023	M3 Pro
MacBook Pro (14 pulgadas, 2023) A2918 M3 8 Core Cpu 10 Core GPU	512GB	415		MacBook Pro	14 pulgadas	2023	M3
MacBook Pro (16 pulgadas, 2023) A2780 M2 Max 12 Core CPU 38 Core GPU	8TB	1195		MacBook Pro	16 pulgadas	2023	M2 Max
MacBook Pro (16 pulgadas, 2023) A2780 M2 Max 12 Core CPU 38 Core GPU	4TB	1130		MacBook Pro	16 pulgadas	2023	M2 Max
MacBook Pro (16 pulgadas, 2023) A2780 M2 Max 12 Core CPU 30 Core GPU	8TB	1065		MacBook Pro	16 pulgadas	2023	M2 Max
MacBook Pro (16 pulgadas, 2023) A2780 M2 Max 12 Core CPU 38 Core GPU	2TB	1065		MacBook Pro	16 pulgadas	2023	M2 Max
MacBook Pro (16 pulgadas, 2023) A2780 M2 Max 12 Core CPU 30 Core GPU	4TB	1020		MacBook Pro	16 pulgadas	2023	M2 Max
MacBook Pro (16 pulgadas, 2023) A2780 M2 Max 12 Core CPU 38 Core GPU	1TB	1015		MacBook Pro	16 pulgadas	2023	M2 Max
MacBook Pro (16 pulgadas, 2023) A2780 M2 Max 12 Core CPU 30 Core GPU	2TB	975		MacBook Pro	16 pulgadas	2023	M2 Max
MacBook Pro (16 pulgadas, 2023) A2780 M2 Pro 12 Core CPU 19 Core GPU	8TB	940		MacBook Pro	16 pulgadas	2023	M2 Pro
MacBook Pro (16 pulgadas, 2023) A2780 M2 Max 12 Core CPU 30 Core GPU	1TB	920		MacBook Pro	16 pulgadas	2023	M2 Max
MacBook Pro (16 pulgadas, 2023) A2780 M2 Max 12 Core CPU 38 Core GPU	512GB	920		MacBook Pro	16 pulgadas	2023	M2 Max
MacBook Pro (14 pulgadas, 2023) A2779 M2 Max 12 Core CPU 30 Core GPU	8TB	910		MacBook Pro	14 pulgadas	2023	M2 Max
MacBook Pro (14 pulgadas, 2023) A2779 M2 Max 12 Core CPU 38 Core GPU	8TB	910		MacBook Pro	14 pulgadas	2023	M2 Max
MacBook Pro (16 pulgadas, 2023) A2780 M2 Pro 12 Core CPU 19 Core GPU	4TB	870		MacBook Pro	16 pulgadas	2023	M2 Pro
MacBook Pro (14 pulgadas, 2023) A2779 M2 Max 12 Core CPU 38 Core GPU	4TB	840		MacBook Pro	14 pulgadas	2023	M2 Max
MacBook Pro (14 pulgadas, 2023) A2779 M2 Max 12 Core CPU 30 Core GPU	4TB	835		MacBook Pro	14 pulgadas	2023	M2 Max
MacBook Pro (16 pulgadas, 2023) A2780 M2 Max 12 Core CPU 30 Core GPU	512GB	830		MacBook Pro	16 pulgadas	2023	M2 Max
MacBook Pro (14 pulgadas, 2023) A2779 M2 Pro 10 Core CPU 16 Core GPU	8TB	830		MacBook Pro	14 pulgadas	2023	M2 Pro
MacBook Pro (14 pulgadas, 2023) A2779 M2 Pro 12 Core CPU 10 Core GPU	8TB	830		MacBook Pro	14 pulgadas	2023	M2 Pro
MacBook Pro (16 pulgadas, 2023) A2780 M2 Pro 12 Core CPU 19 Core GPU	2TB	790		MacBook Pro	16 pulgadas	2023	M2 Pro
MacBook Pro (14 pulgadas, 2023) A2779 M2 Max 12 Core CPU 38 Core GPU	2TB	780		MacBook Pro	14 pulgadas	2023	M2 Max
MacBook Pro (14 pulgadas, 2023) A2779 M2 Max 12 Core CPU 30 Core GPU	2TB	775		MacBook Pro	14 pulgadas	2023	M2 Max
MacBook Pro (14 pulgadas, 2023) A2779 M2 Max 12 Core CPU 38 Core GPU	1TB	765		MacBook Pro	14 pulgadas	2023	M2 Max
MacBook Pro (14 pulgadas, 2023) A2779 M2 Pro 10 Core CPU 16 Core GPU	4TB	760		MacBook Pro	14 pulgadas	2023	M2 Pro
MacBook Pro (14 pulgadas, 2023) A2779 M2 Pro 12 Core CPU 19 Core GPU	4TB	760		MacBook Pro	14 pulgadas	2023	M2 Pro
MacBook Pro (14 pulgadas, 2023) A2779 M2 Max 12 Core CPU 30 Core GPU	1TB	755		MacBook Pro	14 pulgadas	2023	M2 Max
MacBook Pro (16 pulgadas, 2023) A2780 M2 Pro 12 Core CPU 19 Core GPU	1TB	740		MacBook Pro	16 pulgadas	2023	M2 Pro
MacBook Pro (14 pulgadas, 2023) A2779 M2 Max 12 Core CPU 38 Core GPU	512GB	720		MacBook Pro	14 pulgadas	2023	M2 Max
MacBook Pro (14 pulgadas, 2023) A2779 M2 Max 12 Core CPU 30 Core GPU	512GB	705		MacBook Pro	14 pulgadas	2023	M2 Max
MacBook Pro (14 pulgadas, 2023) A2779 M2 Pro 10 Core CPU 16 Core GPU	2TB	685		MacBook Pro	14 pulgadas	2023	M2 Pro
MacBook Pro (14 pulgadas, 2023) A2779 M2 Pro 12 Core CPU 19 Core GPU	2TB	685		MacBook Pro	14 pulgadas	2023	M2 Pro
MacBook Pro (16 pulgadas, 2023) A2780 M2 Pro 10 Core CPU 16 Core GPU	512GB	640		MacBook Pro	16 pulgadas	2023	M2 Pro
MacBook Pro (14 pulgadas, 2023) A2779 M2 Pro 12 Core CPU 19 Core GPU	1TB	630		MacBook Pro	14 pulgadas	2023	M2 Pro
MacBook Pro (14 pulgadas, 2023) A2779 M2 Pro 10 Core CPU 16 Core GPU	1TB	565		MacBook Pro	14 pulgadas	2023	M2 Pro
MacBook Pro (14 pulgadas, 2023) A2779 M2 Pro 12 Core CPU 19 Core GPU	512GB	505		MacBook Pro	14 pulgadas	2023	M2 Pro
MacBook Pro (14 pulgadas, 2023) A2779 M2 Pro 10 Core CPU 16 Core GPU	512GB	415		MacBook Pro	14 pulgadas	2023	M2 Pro
MacBook Pro (13 pulgadas, 2022) A2338 M2 8 Core CPU 10 Core GPU	2TB	520		MacBook Pro	13 pulgadas	2022	M2
MacBook Pro (13 pulgadas, 2022) A2338 M2 8 Core CPU 10 Core GPU	1TB	435		MacBook Pro	13 pulgadas	2022	M2
MacBook Pro (13 pulgadas, 2022) A2338 M2 8 Core CPU 10 Core GPU	512GB	410		MacBook Pro	13 pulgadas	2022	M2
MacBook Pro (13 pulgadas, 2022) A2338 M2 8 Core CPU 10 Core GPU	256GB	345		MacBook Pro	13 pulgadas	2022	M2
MacBook Pro (16 pulgadas, 2021) A2485 M1 Max 10 Core CPU 32 Core GPU	8TB	600		MacBook Pro	16 pulgadas	2021	M1 Max
MacBook Pro (16 pulgadas, 2021) A2485 M1 Max 10 Core CPU 24 Core GPU	8TB	590		MacBook Pro	16 pulgadas	2021	M1 Max
MacBook Pro (16 pulgadas, 2021) A2485 M1 Pro 10 Core CPU16 Core GPU	8TB	585		MacBook Pro	16 pulgadas	2021	M1 Pro
MacBook Pro (16 pulgadas, 2021) A2485 M1 Max 10 Core CPU 32 Core GPU	4TB	565		MacBook Pro	16 pulgadas	2021	M1 Max
MacBook Pro (16 pulgadas, 2021) A2485 M1 Max 10 Core CPU 24 Core GPU	4TB	540		MacBook Pro	16 pulgadas	2021	M1 Max
MacBook Pro (16 pulgadas, 2021) A2485 M1 Pro 10 Core CPU16 Core GPU	4TB	535		MacBook Pro	16 pulgadas	2021	M1 Pro
MacBook Pro (14 pulgadas, 2021) A2442 M1 Max 10 Core CPU 32 Core GPU	8TB	530		MacBook Pro	14 pulgadas	2021	M1 Max
MacBook Pro (16 pulgadas, 2021) A2485 M1 Max 10 Core CPU 32 Core GPU	2TB	525		MacBook Pro	16 pulgadas	2021	M1 Max
MacBook Pro (14 pulgadas, 2021) A2442 M1 Max 10 Core CPU 24 Core GPU	8TB	505		MacBook Pro	14 pulgadas	2021	M1 Max
MacBook Pro (16 pulgadas, 2021) A2485 M1 Max 10 Core CPU 24 Core GPU	2TB	500		MacBook Pro	16 pulgadas	2021	M1 Max
MacBook Pro (16 pulgadas, 2021) A2485 M1 Max 10 Core CPU 32 Core GPU	1TB	480		MacBook Pro	16 pulgadas	2021	M1 Max
MacBook Pro (14 pulgadas, 2021) A2442 M1 Max 10 Core CPU 32 Core GPU	4TB	480		MacBook Pro	14 pulgadas	2021	M1 Max
MacBook Pro (16 pulgadas, 2021) A2485 M1 Pro 10 Core CPU 16 Core GPU	2TB	470		MacBook Pro	16 pulgadas	2021	M1 Pro
MacBook Pro (16 pulgadas, 2021) A2485 M1 Max 10 Core CPU 24 Core GPU	1TB	470		MacBook Pro	16 pulgadas	2021	M1 Max
MacBook Pro (14 pulgadas, 2021) A2442 M1 Pro 10 Core CPU 16 Core GPU	8TB	465		MacBook Pro	14 pulgadas	2021	M1 Pro
MacBook Pro (14 pulgadas, 2021) A2442 M1 Max 10 Core CPU 24 Core GPU	4TB	460		MacBook Pro	14 pulgadas	2021	M1 Max
MacBook Pro (16 pulgadas, 2021) A2485 M1 Pro 10 Core CPU 16 Core GPU	1TB	460		MacBook Pro	16 pulgadas	2021	M1 Pro
MacBook Pro (14 pulgadas, 2021) A2442 M1 Max 10 Core CPU 32 Core GPU	2TB	435		MacBook Pro	14 pulgadas	2021	M1 Max
MacBook Pro (14 pulgadas, 2021) A2442 M1 Max 10 Core CPU 24 Core GPU	2TB	425		MacBook Pro	14 pulgadas	2021	M1 Max
MacBook Pro (16 pulgadas, 2021) A2485 M1 Max 10 Core CPU 24 Core GPU	512GB	415		MacBook Pro	16 pulgadas	2021	M1 Max
MacBook Pro (16 pulgadas, 2021) A2485 M1 Max 10 Core CPU 32 Core GPU	512GB	415		MacBook Pro	16 pulgadas	2021	M1 Max
MacBook Pro (16 pulgadas, 2021) A2485 M1 Pro 10 Core CPU 16 Core GPU	512GB	410		MacBook Pro	16 pulgadas	2021	M1 Pro
MacBook Pro (14 pulgadas, 2021) A2442 M1 Max 10 Core CPU 32 Core GPU	1TB	405		MacBook Pro	14 pulgadas	2021	M1 Max
MacBook Pro (14 pulgadas, 2021) A2442 M1 Max 10 Core CPU 24 Core GPU	1TB	395		MacBook Pro	14 pulgadas	2021	M1 Max
MacBook Pro (14 pulgadas, 2021) A2442 M1 Pro 10 Core CPU 14 Core GPU	8TB	390		MacBook Pro	14 pulgadas	2021	M1 Pro
MacBook Pro (14 pulgadas, 2021) A2442 M1 Pro 10 Core CPU 16 Core GPU	4TB	390		MacBook Pro	14 pulgadas	2021	M1 Pro
MacBook Pro (14 pulgadas, 2021) A2442 M1 Pro 10 Core CPU 16 Core GPU	2TB	370		MacBook Pro	14 pulgadas	2021	M1 Pro
MacBook Pro (14 pulgadas, 2021) A2442 M1 Pro 8 Core CPU 14 Core GPU	8TB	370		MacBook Pro	14 pulgadas	2021	M1 Pro
MacBook Pro (14 pulgadas, 2021) A2442 M1 Pro 10 Core CPU 14 Core GPU	4TB	365		MacBook Pro	14 pulgadas	2021	M1 Pro
MacBook Pro (14 pulgadas, 2021) A2442 M1 Pro 10 Core CPU 16 Core GPU	1TB	355		MacBook Pro	14 pulgadas	2021	M1 Pro
MacBook Pro (14 pulgadas, 2021) A2442 M1 Pro 8 Core CPU 14 Core GPU	4TB	350		MacBook Pro	14 pulgadas	2021	M1 Pro
MacBook Pro (14 pulgadas, 2021) A2442 M1 Pro 10 Core CPU 14 Core GPU	1TB	345		MacBook Pro	14 pulgadas	2021	M1 Pro
MacBook Pro (14 pulgadas, 2021) A2442 M1 Pro 10 Core CPU 14 Core GPU	2TB	345		MacBook Pro	14 pulgadas	2021	M1 Pro
MacBook Pro (14 pulgadas, 2021) A2442 M1 Pro 8 Core CPU 14 Core GPU	2TB	335		MacBook Pro	14 pulgadas	2021	M1 Pro
MacBook Pro (14 pulgadas, 2021) A2442 M1 Pro 8 Core CPU 14 Core GPU	1TB	330		MacBook Pro	14 pulgadas	2021	M1 Pro
MacBook Pro (14 pulgadas, 2021) A2442 M1 Max 10 Core CPU 24 Core GPU	512GB	320		MacBook Pro	14 pulgadas	2021	M1 Max
MacBook Pro (14 pulgadas, 2021) A2442 M1 Max 10 Core CPU 32 Core GPU	512GB	320		MacBook Pro	14 pulgadas	2021	M1 Max
MacBook Pro (14 pulgadas, 2021) A2442 M1 Pro 10 Core CPU 14 Core GPU	512GB	285		MacBook Pro	14 pulgadas	2021	M1 Pro
MacBook Pro (14 pulgadas, 2021) A2442 M1 Pro 10 Core CPU 16 Core GPU	512GB	285		MacBook Pro	14 pulgadas	2021	M1 Pro
MacBook Pro (14 pulgadas, 2021) A2442 M1 Pro 8 Core CPU 14 Core GPU	512GB	285		MacBook Pro	14 pulgadas	2021	M1 Pro
MacBook Pro (13 pulgadas, 2020) A2338 M1 8 Core CPU 8 Core GPU	2TB	310		MacBook Pro	13 pulgadas	2020	M1
MacBook Pro (13 pulgadas, 2020) A2338 M1 8 Core CPU 8 Core GPU	1TB	305		MacBook Pro	13 pulgadas	2020	M1
MacBook Pro (13 pulgadas, 2020) A2338 M1 8 Core CPU 8 Core GPU	512GB	275		MacBook Pro	13 pulgadas	2020	M1
MacBook Pro (13 pulgadas, 2020) A2338 M1 8 Core CPU 8 Core GPU	256GB	255		MacBook Pro	13 pulgadas	2020	M1
MacBook Pro (13 pulgadas, 2020, cuatro puertos Thunderbolt 3) A2251 Core i7 2.3	4TB	280		MacBook Pro	13 pulgadas	2020	Core I7 2.3
MacBook Pro (13 pulgadas, 2020, cuatro puertos Thunderbolt 3) A2251 Core i7 2.3	2TB	275		MacBook Pro	13 pulgadas	2020	Core I7 2.3
MacBook Pro (13 pulgadas, 2020, dos puertos Thunderbolt 3) A2289 Core i7 1.7	2TB	265		MacBook Pro	13 pulgadas	2020	Core I7 1.7
MacBook Pro (13 pulgadas, 2020, cuatro puertos Thunderbolt 3) A2251 Core i7 2.3	1TB	260		MacBook Pro	13 pulgadas	2020	Core I7 2.3
MacBook Pro (13 pulgadas, 2020, cuatro puertos Thunderbolt 3) A2251 Core i7 2.3	512GB	260		MacBook Pro	13 pulgadas	2020	Core I7 2.3
MacBook Pro (13 pulgadas, 2020, dos puertos Thunderbolt 3) A2289 Core i7 1.7	1TB	235		MacBook Pro	13 pulgadas	2020	Core I7 1.7
MacBook Pro (13 pulgadas, 2020, dos puertos Thunderbolt 3) A2289 Core i7 1.7	512GB	230		MacBook Pro	13 pulgadas	2020	Core I7 1.7
MacBook Pro (13 pulgadas, 2020, cuatro puertos Thunderbolt 3) A2251 Core i5 2.0	4TB	225		MacBook Pro	13 pulgadas	2020	Core I5 2.0
MacBook Pro (13 pulgadas, 2020, cuatro puertos Thunderbolt 3) A2251 Core i5 2.0	2TB	220		MacBook Pro	13 pulgadas	2020	Core I5 2.0
MacBook Pro (13 pulgadas, 2020, dos puertos Thunderbolt 3) A2289 Core i5 1.4	2TB	220		MacBook Pro	13 pulgadas	2020	Core I5 1.4
MacBook Pro (13 pulgadas, 2020, dos puertos Thunderbolt 3) A2289 Core i7 1.7	256GB	220		MacBook Pro	13 pulgadas	2020	Core I7 1.7
MacBook Pro (13 pulgadas, 2020, cuatro puertos Thunderbolt 3) A2251 Core i5 2.0	1TB	205		MacBook Pro	13 pulgadas	2020	Core I5 2.0
MacBook Pro (13 pulgadas, 2020, dos puertos Thunderbolt 3) A2289 Core i5 1.4	1TB	205		MacBook Pro	13 pulgadas	2020	Core I5 1.4
MacBook Pro (13 pulgadas, 2020, cuatro puertos Thunderbolt 3) A2251 Core i5 2.0	512GB	190		MacBook Pro	13 pulgadas	2020	Core I5 2.0
MacBook Pro (13 pulgadas, 2020, dos puertos Thunderbolt 3) A2289 Core i5 1.4	512GB	175		MacBook Pro	13 pulgadas	2020	Core I5 1.4
MacBook Pro (13 pulgadas, 2020, dos puertos Thunderbolt 3) A2289 Core i5 1.4	256GB	155		MacBook Pro	13 pulgadas	2020	Core I5 1.4
MacBook Pro (16 pulgadas, 2019) A2141 Core i7 2.6	8TB	230		MacBook Pro	16 pulgadas	2019	Core I7 2.6
MacBook Pro (16 pulgadas, 2019) A2141 Core i9 2.4	8TB	230		MacBook Pro	16 pulgadas	2019	Core I9 2.4
MacBook Pro (16 pulgadas, 2019) A2141 Core i7 2.6	4TB	225		MacBook Pro	16 pulgadas	2019	Core I7 2.6
MacBook Pro (16 pulgadas, 2019) A2141 Core i9 2.3	8TB	215		MacBook Pro	16 pulgadas	2019	Core I9 2.3
MacBook Pro (16 pulgadas, 2019) A2141 Core i9 2.4	4TB	215		MacBook Pro	16 pulgadas	2019	Core I9 2.4
MacBook Pro (16 pulgadas, 2019) A2141 Core i7 2.6	2TB	210		MacBook Pro	16 pulgadas	2019	Core I7 2.6
MacBook Pro (16 pulgadas, 2019) A2141 Core i9 2.3	4TB	210		MacBook Pro	16 pulgadas	2019	Core I9 2.3
MacBook Pro (16 pulgadas, 2019) A2141 Core i9 2.4	2TB	200		MacBook Pro	16 pulgadas	2019	Core I9 2.4
MacBook Pro (16 pulgadas, 2019) A2141 Core i9 2.3	2TB	195		MacBook Pro	16 pulgadas	2019	Core I9 2.3
MacBook Pro (16 pulgadas, 2019) A2141 Core i7 2.6	1TB	190		MacBook Pro	16 pulgadas	2019	Core I7 2.6
MacBook Pro (16 pulgadas, 2019) A2141 Core i7 2.6	512GB	185		MacBook Pro	16 pulgadas	2019	Core I7 2.6
MacBook Pro (16 pulgadas, 2019) A2141 Core i9 2.3	1TB	185		MacBook Pro	16 pulgadas	2019	Core I9 2.3
MacBook Pro (16 pulgadas, 2019) A2141 Core i9 2.4	1TB	185		MacBook Pro	16 pulgadas	2019	Core I9 2.4
MacBook Pro (16 pulgadas, 2019) A2141 Core i9 2.4	512GB	170		MacBook Pro	16 pulgadas	2019	Core I9 2.4
MacBook Pro (13 pulgadas, 2019, dos puertos Thunderbolt 3) A2159 Core i7 1.7	2TB	170		MacBook Pro	13 pulgadas	2019	Core I7 1.7
MacBook Pro (13 pulgadas, 2019, dos puertos Thunderbolt 3) A2159 Core i7 1.7	1TB	165		MacBook Pro	13 pulgadas	2019	Core I7 1.7
MacBook Pro (13 pulgadas, 2019, dos puertos Thunderbolt 3) A2159 Core i5 1.4	2TB	155		MacBook Pro	13 pulgadas	2019	Core I5 1.4
MacBook Pro (13 pulgadas, 2019, dos puertos Thunderbolt 3) A2159 Core i7 1.7	512GB	155		MacBook Pro	13 pulgadas	2019	Core I7 1.7
MacBook Pro (13 pulgadas, 2019, dos puertos Thunderbolt 3) A2159 Core i7 1.7	256GB	145		MacBook Pro	13 pulgadas	2019	Core I7 1.7
MacBook Pro (13 pulgadas, 2019, dos puertos Thunderbolt 3) A2159 Core i5 1.4	1TB	140		MacBook Pro	13 pulgadas	2019	Core I5 1.4
MacBook Pro (13 pulgadas, 2019, dos puertos Thunderbolt 3) A2159 Core i7 1.7	128GB	140		MacBook Pro	13 pulgadas	2019	Core I7 1.7
MacBook Pro (13 pulgadas, 2019, dos puertos Thunderbolt 3) A2159 Core i5 1.4	512GB	135		MacBook Pro	13 pulgadas	2019	Core I5 1.4
MacBook Pro (13 pulgadas, 2019, dos puertos Thunderbolt 3) A2159 Core i5 1.4	256GB	115		MacBook Pro	13 pulgadas	2019	Core I5 1.4
MacBook Pro (13 pulgadas, 2019, dos puertos Thunderbolt 3) A2159 Core i5 1.4	128GB	100		MacBook Pro	13 pulgadas	2019	Core I5 1.4
MacBook Pro (15 pulgadas, 2019) A1990 Core i9 2.3	4TB	210		MacBook Pro	15 pulgadas	2019	Core I9 2.3
MacBook Pro (15 pulgadas, 2019) A1990 Core i9 2.4	4TB	210		MacBook Pro	15 pulgadas	2019	Core I9 2.4
MacBook Pro (15 pulgadas, 2019) A1990 Core i7 2.6	4TB	205		MacBook Pro	15 pulgadas	2019	Core I7 2.6
MacBook Pro (13 pulgadas, 2019, cuatro puertos Thunderbolt 3) A1989 Core i7 2.8	2TB	205		MacBook Pro	13 pulgadas	2019	Core I7 2.8
MacBook Pro (13 pulgadas, 2019, cuatro puertos Thunderbolt 3) A1989 Core i7 2.8	1TB	200		MacBook Pro	13 pulgadas	2019	Core I7 2.8
MacBook Pro (15 pulgadas, 2019) A1990 Core i7 2.6	2TB	190		MacBook Pro	15 pulgadas	2019	Core I7 2.6
MacBook Pro (15 pulgadas, 2019) A1990 Core i9 2.4	2TB	190		MacBook Pro	15 pulgadas	2019	Core I9 2.4
MacBook Pro (15 pulgadas, 2019) A1990 Core i9 2.3	2TB	185		MacBook Pro	15 pulgadas	2019	Core I9 2.3
MacBook Pro (15 pulgadas, 2019) A1990 Core i7 2.6	1TB	180		MacBook Pro	15 pulgadas	2019	Core I7 2.6
MacBook Pro (13 pulgadas, 2019, cuatro puertos Thunderbolt 3) A1989 Core i7 2.8	512GB	180		MacBook Pro	13 pulgadas	2019	Core I7 2.8
MacBook Pro (15 pulgadas, 2019) A1990 Core i7 2.6	512GB	175		MacBook Pro	15 pulgadas	2019	Core I7 2.6
MacBook Pro (15 pulgadas, 2019) A1990 Core i9 2.3	1TB	175		MacBook Pro	15 pulgadas	2019	Core I9 2.3
MacBook Pro (15 pulgadas, 2019) A1990 Core i9 2.4	1TB	175		MacBook Pro	15 pulgadas	2019	Core I9 2.4
MacBook Pro (15 pulgadas, 2019) A1990 Core i7 2.6	256GB	165		MacBook Pro	15 pulgadas	2019	Core I7 2.6
MacBook Pro (15 pulgadas, 2019) A1990 Core i9 2.4	512GB	165		MacBook Pro	15 pulgadas	2019	Core I9 2.4
MacBook Pro (15 pulgadas, 2019) A1990 Core i9 2.3	512GB	160		MacBook Pro	15 pulgadas	2019	Core I9 2.3
MacBook Pro (15 pulgadas, 2019) A1990 Core i9 2.4	256GB	160		MacBook Pro	15 pulgadas	2019	Core I9 2.4
MacBook Pro (13 pulgadas, 2019, cuatro puertos Thunderbolt 3) A1989 Core i7 2.8	256GB	160		MacBook Pro	13 pulgadas	2019	Core I7 2.8
MacBook Pro (13 pulgadas, 2019, cuatro puertos Thunderbolt 3) A1989 Core i5 2.4	2TB	155		MacBook Pro	13 pulgadas	2019	Core I5 2.4
MacBook Pro (15 pulgadas, 2019) A1990 Core i9 2.3	256GB	150		MacBook Pro	15 pulgadas	2019	Core I9 2.3
MacBook Pro (13 pulgadas, 2019, cuatro puertos Thunderbolt 3) A1989 Core i5 2.4	1TB	145		MacBook Pro	13 pulgadas	2019	Core I5 2.4
MacBook Pro (13 pulgadas, 2019, cuatro puertos Thunderbolt 3) A1989 Core i5 2.4	512GB	140		MacBook Pro	13 pulgadas	2019	Core I5 2.4
MacBook Pro (13 pulgadas, 2019, cuatro puertos Thunderbolt 3) A1989 Core i5 2.4	256GB	125		MacBook Pro	13 pulgadas	2019	Core I5 2.4
MacBook Pro (15 pulgadas, 2018) A1990 Core i9 2.9	4TB	215		MacBook Pro	15 pulgadas	2018	Core I9 2.9
MacBook Pro (15 pulgadas, 2018) A1990 Core i9 2.9	2TB	205		MacBook Pro	15 pulgadas	2018	Core I9 2.9
MacBook Pro (15 pulgadas, 2018) A1990 Core i7 2.2	4TB	195		MacBook Pro	15 pulgadas	2018	Core I7 2.2
MacBook Pro (15 pulgadas, 2018) A1990 Core i7 2.6	4TB	195		MacBook Pro	15 pulgadas	2018	Core I7 2.6
MacBook Pro (15 pulgadas, 2018) A1990 Core i9 2.9	1TB	185		MacBook Pro	15 pulgadas	2018	Core I9 2.9
MacBook Pro (15 pulgadas, 2018) A1990 Core i7 2.6	2TB	180		MacBook Pro	15 pulgadas	2018	Core I7 2.6
MacBook Pro (15 pulgadas, 2018) A1990 Core i9 2.9	512GB	175		MacBook Pro	15 pulgadas	2018	Core I9 2.9
MacBook Pro (15 pulgadas, 2018) A1990 Core i7 2.2	2TB	170		MacBook Pro	15 pulgadas	2018	Core I7 2.2
MacBook Pro (15 pulgadas, 2018) A1990 Core i7 2.6	1TB	170		MacBook Pro	15 pulgadas	2018	Core I7 2.6
MacBook Pro (13 pulgadas, 2018, cuatro puertos Thunderbolt 3) A1989 Core i7 2.7	2TB	170		MacBook Pro	13 pulgadas	2018	Core I7 2.7
MacBook Pro (15 pulgadas, 2018) A1990 Core i9 2.9	256GB	165		MacBook Pro	15 pulgadas	2018	Core I9 2.9
MacBook Pro (13 pulgadas, 2018, cuatro puertos Thunderbolt 3) A1989 Core i7 2.7	1TB	165		MacBook Pro	13 pulgadas	2018	Core I7 2.7
MacBook Pro (15 pulgadas, 2018) A1990 Core i7 2.2	1TB	160		MacBook Pro	15 pulgadas	2018	Core I7 2.2
MacBook Pro (15 pulgadas, 2018) A1990 Core i7 2.6	512GB	160		MacBook Pro	15 pulgadas	2018	Core I7 2.6
MacBook Pro (15 pulgadas, 2018) A1990 Core i7 2.2	512GB	155		MacBook Pro	15 pulgadas	2018	Core I7 2.2
MacBook Pro (13 pulgadas, 2018, cuatro puertos Thunderbolt 3) A1989 Core i5 2.3	2TB	155		MacBook Pro	13 pulgadas	2018	Core I5 2.3
MacBook Pro (15 pulgadas, 2018) A1990 Core i7 2.6	256GB	150		MacBook Pro	15 pulgadas	2018	Core I7 2.6
MacBook Pro (13 pulgadas, 2018, cuatro puertos Thunderbolt 3) A1989 Core i5 2.3	1TB	145		MacBook Pro	13 pulgadas	2018	Core I5 2.3
MacBook Pro (13 pulgadas, 2018, cuatro puertos Thunderbolt 3) A1989 Core i7 2.7	256GB	145		MacBook Pro	13 pulgadas	2018	Core I7 2.7
MacBook Pro (13 pulgadas, 2018, cuatro puertos Thunderbolt 3) A1989 Core i7 2.7	512GB	145		MacBook Pro	13 pulgadas	2018	Core I7 2.7
MacBook Pro (15 pulgadas, 2018) A1990 Core i7 2.2	256GB	140		MacBook Pro	15 pulgadas	2018	Core I7 2.2
MacBook Pro (13 pulgadas, 2018, cuatro puertos Thunderbolt 3) A1989 Core i5 2.3	512GB	140		MacBook Pro	13 pulgadas	2018	Core I5 2.3
MacBook Pro (13 pulgadas, 2018, cuatro puertos Thunderbolt 3) A1989 Core i5 2.3	256GB	120		MacBook Pro	13 pulgadas	2018	Core I5 2.3
MacBook Pro (15 pulgadas, 2017) A1707 Core i7 3.1	2TB	140		MacBook Pro	15 pulgadas	2017	Core I7 3.1
MacBook Pro (15 pulgadas, 2017) A1707 Core i7 2.9	2TB	135		MacBook Pro	15 pulgadas	2017	Core I7 2.9
MacBook Pro (15 pulgadas, 2017) A1707 Core i7 3.1	1TB	130		MacBook Pro	15 pulgadas	2017	Core I7 3.1
MacBook Pro (15 pulgadas, 2017) A1707 Core i7 2.8	2TB	125		MacBook Pro	15 pulgadas	2017	Core I7 2.8
MacBook Pro (15 pulgadas, 2017) A1707 Core i7 2.9	1TB	125		MacBook Pro	15 pulgadas	2017	Core I7 2.9
MacBook Pro (15 pulgadas, 2017) A1707 Core i7 2.8	1TB	120		MacBook Pro	15 pulgadas	2017	Core I7 2.8
MacBook Pro (15 pulgadas, 2017) A1707 Core i7 3.1	512GB	120		MacBook Pro	15 pulgadas	2017	Core I7 3.1
MacBook Pro (15 pulgadas, 2017) A1707 Core i7 2.8	512GB	110		MacBook Pro	15 pulgadas	2017	Core I7 2.8
MacBook Pro (15 pulgadas, 2017) A1707 Core i7 2.9	512GB	110		MacBook Pro	15 pulgadas	2017	Core I7 2.9
MacBook Pro (15 pulgadas, 2017) A1707 Core i7 3.1	256GB	110		MacBook Pro	15 pulgadas	2017	Core I7 3.1
MacBook Pro (13 pulgadas, 2017, dos puertos Thunderbolt 3) A1708 Core i7 2.5	1TB	100		MacBook Pro	13 pulgadas	2017	Core I7 2.5
MacBook Pro (13 pulgadas, 2017, cuatro puertos Thunderbolt 3) A1706 Core i7 3.5	1TB	100		MacBook Pro	13 pulgadas	2017	Core I7 3.5
MacBook Pro (15 pulgadas, 2017) A1707 Core i7 2.9	256GB	100		MacBook Pro	15 pulgadas	2017	Core I7 2.9
MacBook Pro (13 pulgadas, 2017, dos puertos Thunderbolt 3) A1708 Core i7 2.5	512GB	95		MacBook Pro	13 pulgadas	2017	Core I7 2.5
MacBook Pro (13 pulgadas, 2017, cuatro puertos Thunderbolt 3) A1706 Core i5 3.3	1TB	95		MacBook Pro	13 pulgadas	2017	Core I5 3.3
MacBook Pro (13 pulgadas, 2017, cuatro puertos Thunderbolt 3) A1706 Core i7 3.5	512GB	95		MacBook Pro	13 pulgadas	2017	Core I7 3.5
MacBook Pro (15 pulgadas, 2017) A1707 Core i7 2.8	256GB	95		MacBook Pro	15 pulgadas	2017	Core I7 2.8
MacBook Pro (13 pulgadas, 2017, cuatro puertos Thunderbolt 3) A1706 Core i5 3.1	1TB	90		MacBook Pro	13 pulgadas	2017	Core I5 3.1
MacBook Pro (13 pulgadas, 2017, cuatro puertos Thunderbolt 3) A1706 Core i5 3.3	512GB	85		MacBook Pro	13 pulgadas	2017	Core I5 3.3
MacBook Pro (13 pulgadas, 2017, dos puertos Thunderbolt 3) A1708 Core i5 2.3	1TB	80		MacBook Pro	13 pulgadas	2017	Core I5 2.3
MacBook Pro (13 pulgadas, 2017, cuatro puertos Thunderbolt 3) A1706 Core i5 3.3	256GB	80		MacBook Pro	13 pulgadas	2017	Core I5 3.3
MacBook Pro (13 pulgadas, 2017, cuatro puertos Thunderbolt 3) A1706 Core i7 3.5	256GB	80		MacBook Pro	13 pulgadas	2017	Core I7 3.5
MacBook Pro (13 pulgadas, 2017, dos puertos Thunderbolt 3) A1708 Core i7 2.5	128GB	75		MacBook Pro	13 pulgadas	2017	Core I7 2.5
MacBook Pro (13 pulgadas, 2017, dos puertos Thunderbolt 3) A1708 Core i7 2.5	256GB	75		MacBook Pro	13 pulgadas	2017	Core I7 2.5
MacBook Pro (13 pulgadas, 2017, cuatro puertos Thunderbolt 3) A1706 Core i5 3.1	512GB	75		MacBook Pro	13 pulgadas	2017	Core I5 3.1
MacBook Pro (13 pulgadas, 2017, dos puertos Thunderbolt 3) A1708 Core i5 2.3	512GB	65		MacBook Pro	13 pulgadas	2017	Core I5 2.3
MacBook Pro (13 pulgadas, 2017, dos puertos Thunderbolt 3) A1708 Core i5 2.3	256GB	55		MacBook Pro	13 pulgadas	2017	Core I5 2.3
MacBook Pro (13 pulgadas, 2017, cuatro puertos Thunderbolt 3) A1706 Core i5 3.1	256GB	55		MacBook Pro	13 pulgadas	2017	Core I5 3.1
MacBook Pro (13 pulgadas, 2017, dos puertos Thunderbolt 3) A1708 Core i5 2.3	128GB	45		MacBook Pro	13 pulgadas	2017	Core I5 2.3
MacBook Air (15 pulgadas 2022) A3114 M3 8 Core CPU 10 Core GPU	2TB	910		MacBook Air	15 pulgadas	2022	M3
MacBook Air (13 pulgadas 2022) A3113 M3 8 Core CPU 10 Core GPU	2TB	770		MacBook Air	13 pulgadas	2022	M3
MacBook Air (15 pulgadas 2022) A3114 M3 8 Core CPU 10 Core GPU	1TB	750		MacBook Air	15 pulgadas	2022	M3
MacBook Air (13 pulgadas 2022) A3113 M3 8 Core CPU 10 Core GPU	1TB	530		MacBook Air	13 pulgadas	2022	M3
MacBook Air (15 pulgadas 2022) A3114 M3 8 Core CPU 10 Core GPU	512GB	510		MacBook Air	15 pulgadas	2022	M3
MacBook Air (13 pulgadas 2022) A3113 M3 8 Core CPU 10 Core GPU	512GB	455		MacBook Air	13 pulgadas	2022	M3
MacBook Air (15 pulgadas 2022) A3114 M3 8 Core CPU 10 Core GPU	256GB	440		MacBook Air	15 pulgadas	2022	M3
MacBook Air (13 pulgadas 2022) A3113 M3 8 Core CPU 10 Core GPU	256GB	420		MacBook Air	13 pulgadas	2022	M3
MacBook Air (13 pulgadas 2022) A3113 M3 8 Core CPU 8 Core GPU	256GB	380		MacBook Air	13 pulgadas	2022	M3
MacBook Air (15 pulgadas, 2023) A2941 M2 8 Core CPU 10 Core GPU	2TB	470		MacBook Air	15 pulgadas	2023	M2
MacBook Air (15 pulgadas, 2023) A2941 M2 8 Core CPU 10 Core GPU	1TB	405		MacBook Air	15 pulgadas	2023	M2
MacBook Air (15 pulgadas, 2023) A2941 M2 8 Core CPU 10 Core GPU	512GB	390		MacBook Air	15 pulgadas	2023	M2
MacBook Air (15 pulgadas, 2023) A2941 M2 8 Core CPU 10 Core GPU	256GB	330		MacBook Air	15 pulgadas	2023	M2
MacBook Air (13 pulgadas 2022) A2681 M2 8 Core CPU 10 Core GPU	2TB	345		MacBook Air	13 pulgadas	2022	M2
MacBook Air (13 pulgadas 2022) A2681 M2 8 Core CPU 8 Core GPU	2TB	320		MacBook Air	13 pulgadas	2022	M2
MacBook Air (13 pulgadas 2022) A2681 M2 8 Core CPU 10 Core GPU	1TB	300		MacBook Air	13 pulgadas	2022	M2
MacBook Air (13 pulgadas 2022) A2681 M2 8 Core CPU 10 Core GPU	512GB	275		MacBook Air	13 pulgadas	2022	M2
MacBook Air (13 pulgadas 2022) A2681 M2 8 Core CPU 8 Core GPU	1TB	270		MacBook Air	13 pulgadas	2022	M2
MacBook Air (13 pulgadas 2022) A2681 M2 8 Core CPU 8 Core GPU	512GB	260		MacBook Air	13 pulgadas	2022	M2
MacBook Air (13 pulgadas 2022) A2681 M2 8 Core CPU 10 Core GPU	256GB	250		MacBook Air	13 pulgadas	2022	M2
MacBook Air (13 pulgadas 2022) A2681 M2 8 Core CPU 8 Core GPU	256GB	235		MacBook Air	13 pulgadas	2022	M2
MacBook Air (13 pulgadas 2020) A2337 M1 8 Core CPU 8 Core GPU	2TB	245		MacBook Air	13 pulgadas	2020	M1
MacBook Air (13 pulgadas 2020) A2337 M1 8 Core CPU 7 Core GPU	2TB	240		MacBook Air	13 pulgadas	2020	M1
MacBook Air (13 pulgadas 2020) A2337 M1 8 Core CPU 7 Core GPU	1TB	215		MacBook Air	13 pulgadas	2020	M1
MacBook Air (13 pulgadas 2020) A2337 M1 8 Core CPU 8 Core GPU	1TB	215		MacBook Air	13 pulgadas	2020	M1
MacBook Air (13 pulgadas 2020) A2337 M1 8 Core CPU 8 Core GPU	512GB	210		MacBook Air	13 pulgadas	2020	M1
MacBook Air (13 pulgadas 2020) A2337 M1 8 Core CPU 7 Core GPU	512GB	195		MacBook Air	13 pulgadas	2020	M1
MacBook Air (13 pulgadas 2020) A2337 M1 8 Core CPU 7 Core GPU	256GB	175		MacBook Air	13 pulgadas	2020	M1
MacBook Air (13 pulgadas 2020) A2337 M1 8 Core CPU 7 Core GPU	128GB	135		MacBook Air	13 pulgadas	2020	M1
MacBook Air (Retina, 13 pulgadas, 2020) A2179 Core i7 1.2	2TB	225		MacBook Air	13 pulgadas	2020	Core I7 1.2
MacBook Air (Retina, 13 pulgadas, 2020) A2179 Core i7 1.2	1TB	215		MacBook Air	13 pulgadas	2020	Core I7 1.2
MacBook Air (Retina, 13 pulgadas, 2020) A2179 Core i5 1.1	2TB	195		MacBook Air	13 pulgadas	2020	Core I5 1.1
MacBook Air (Retina, 13 pulgadas, 2020) A2179 Core i7 1.2	512GB	195		MacBook Air	13 pulgadas	2020	Core I7 1.2
MacBook Air (Retina, 13 pulgadas, 2020) A2179 Core i5 1.1	1TB	185		MacBook Air	13 pulgadas	2020	Core I5 1.1
MacBook Air (Retina, 13 pulgadas, 2020) A2179 Core i5 1.1	512GB	180		MacBook Air	13 pulgadas	2020	Core I5 1.1
MacBook Air (Retina, 13 pulgadas, 2020) A2179 Core i3 1.1	2TB	175		MacBook Air	13 pulgadas	2020	Core I3 1.1
MacBook Air (Retina, 13 pulgadas, 2020) A2179 Core i7 1.2	256GB	175		MacBook Air	13 pulgadas	2020	Core I7 1.2
MacBook Air (Retina, 13 pulgadas, 2020) A2179 Core i3 1.1	1TB	170		MacBook Air	13 pulgadas	2020	Core I3 1.1
MacBook Air (Retina, 13 pulgadas, 2020) A2179 Core i3 1.1	512GB	165		MacBook Air	13 pulgadas	2020	Core I3 1.1
MacBook Air (Retina, 13 pulgadas, 2020) A2179 Core i5 1.1	256GB	165		MacBook Air	13 pulgadas	2020	Core I5 1.1
MacBook Air (Retina, 13 pulgadas, 2020) A2179 Core i3 1.1	256GB	150		MacBook Air	13 pulgadas	2020	Core I3 1.1
MacBook Air (Retina, 13 pulgadas, 2019) A1932 Core i5 1.6	1TB	90		MacBook Air	13 pulgadas	2019	Core I5 1.6
MacBook Air (Retina, 13 pulgadas, 2019) A1932 Core i5 1.6	512GB	85		MacBook Air	13 pulgadas	2019	Core I5 1.6
MacBook Air (Retina, 13 pulgadas, 2019) A1932 Core i5 1.6	256GB	65		MacBook Air	13 pulgadas	2019	Core I5 1.6
MacBook Air (Retina, 13 pulgadas, 2019) A1932 Core i5 1.6	128GB	55		MacBook Air	13 pulgadas	2019	Core I5 1.6
MacBook Air (Retina, 13 pulgadas, 2018) A1932 Core i5 1.6	1.5TB	90		MacBook Air	13 pulgadas	2018	Core I5 1.6
MacBook Air (Retina, 13 pulgadas, 2018) A1932 Core i5 1.6	512GB	80		MacBook Air	13 pulgadas	2018	Core I5 1.6
MacBook Air (Retina, 13 pulgadas, 2018) A1932 Core i5 1.6	256GB	60		MacBook Air	13 pulgadas	2018	Core I5 1.6
MacBook Air (Retina, 13 pulgadas, 2018) A1932 Core i5 1.6	128GB	50		MacBook Air	13 pulgadas	2018	Core I5 1.6
Mac Studio (2023) A2901 M2 Ultra 24 Core CPU 76 Core GPU	8TB	1720		Mac Studio		2023	M2 Ultra
Mac Studio (2023) A2901 M2 Ultra 24 Core CPU 76 Core GPU	4TB	1650		Mac Studio		2023	M2 Ultra
Mac Studio (2023) A2901 M2 Ultra 24 Core CPU 76 Core GPU	2TB	1595		Mac Studio		2023	M2 Ultra
Mac Studio (2023) A2901 M2 Ultra 24 Core CPU 60 Core GPU	8TB	1530		Mac Studio		2023	M2 Ultra
Mac Studio (2023) A2901 M2 Ultra 24 Core CPU 76 Core GPU	1TB	1530		Mac Studio		2023	M2 Ultra
Mac Studio (2023) A2901 M2 Ultra 24 Core CPU 60 Core GPU	4TB	1470		Mac Studio		2023	M2 Ultra
Mac Studio (2023) A2901 M2 Ultra 24 Core CPU 60 Core GPU	2TB	1355		Mac Studio		2023	M2 Ultra
Mac Studio (2023) A2901 M2 Max 12 Core CPU 38 Core GPU	8TB	1220		Mac Studio		2023	M2 Max
Mac Studio (2023) A2901 M2 Ultra 24 Core CPU 60 Core GPU	1TB	1205		Mac Studio		2023	M2 Ultra
Mac Studio (2023) A2901 M2 Max 12 Core CPU 38 Core GPU	4TB	1175		Mac Studio		2023	M2 Max
Mac Studio (2023) A2901 M2 Max 12 Core CPU 30 Core GPU	8TB	1125		Mac Studio		2023	M2 Max
Mac Studio (2023) A2901 M2 Max 12 Core CPU 30 Core GPU	4TB	900		Mac Studio		2023	M2 Max
Mac Studio (2023) A2901 M2 Max 12 Core CPU 38 Core GPU	2TB	835		Mac Studio		2023	M2 Max
Mac Studio (2023) A2901 M2 Max 12 Core CPU 30 Core GPU	2TB	810		Mac Studio		2023	M2 Max
Mac Studio (2023) A2901 M2 Max 12 Core CPU 38 Core GPU	1TB	775		Mac Studio		2023	M2 Max
Mac Studio (2023) A2901 M2 Max 12 Core CPU 30 Core GPU	1TB	730		Mac Studio		2023	M2 Max
Mac Studio (2023) A2901 M2 Max 12 Core CPU 38 Core GPU	512GB	680		Mac Studio		2023	M2 Max
Mac Studio (2023) A2901 M2 Max 12 Core CPU 30 Core GPU	512GB	645		Mac Studio		2023	M2 Max
Mac Studio (2022) A2615 M1 Ultra 20 Core CPU 64 Core GPU	8TB	1445		Mac Studio		2022	M1 Ultra
Mac Studio (2022) A2615 M1 Ultra 20 Core CPU 64 Core GPU	4TB	1390		Mac Studio		2022	M1 Ultra
Mac Studio (2022) A2615 M1 Ultra 20 Core CPU 64 Core GPU	2TB	1355		Mac Studio		2022	M1 Ultra
Mac Studio (2022) A2615 M1 Ultra 20 Core CPU 48 Core GPU	8TB	1200		Mac Studio		2022	M1 Ultra
Mac Studio (2022) A2615 M1 Ultra 20 Core CPU 64 Core GPU	1TB	1170		Mac Studio		2022	M1 Ultra
Mac Studio (2022) A2615 M1 Ultra 20 Core CPU 48 Core GPU	4TB	1125		Mac Studio		2022	M1 Ultra
Mac Studio (2022) A2615 M1 Ultra 20 Core CPU 48 Core GPU	2TB	1050		Mac Studio		2022	M1 Ultra
Mac Studio (2022) A2615 M1 Ultra 20 Core CPU 48 Core GPU	1TB	955		Mac Studio		2022	M1 Ultra
Mac Studio (2022) A2615 M1 Max 10 Core CPU 32 Core GPU	8TB	775		Mac Studio		2022	M1 Max
Mac Studio (2022) A2615 M1 Max 10 Core CPU 24 Core GPU	8TB	765		Mac Studio		2022	M1 Max
Mac Studio (2022) A2615 M1 Max 10 Core CPU 32 Core GPU	4TB	730		Mac Studio		2022	M1 Max
Mac Studio (2022) A2615 M1 Max 10 Core CPU 24 Core GPU	4TB	675		Mac Studio		2022	M1 Max
Mac Studio (2022) A2615 M1 Max 10 Core CPU 32 Core GPU	2TB	675		Mac Studio		2022	M1 Max
Mac Studio (2022) A2615 M1 Max 10 Core CPU 24 Core GPU	2TB	650		Mac Studio		2022	M1 Max
Mac Studio (2022) A2615 M1 Max 10 Core CPU 32 Core GPU	1TB	650		Mac Studio		2022	M1 Max
Mac Studio (2022) A2615 M1 Max 10 Core CPU 24 Core GPU	1TB	605		Mac Studio		2022	M1 Max
Mac Studio (2022) A2615 M1 Max 10 Core CPU 32 Core GPU	512GB	560		Mac Studio		2022	M1 Max
Mac Studio (2022) A2615 M1 Max 10 Core CPU 24 Core GPU	512GB	530		Mac Studio		2022	M1 Max
Mac Pro (2023) A2786 M2 Ultra 24 Core CPU 76 Core GPU	8TB	3200		Mac Pro		2023	M2 Ultra
Mac Pro (2023) A2787 M2 Ultra 24 Core CPU 76 Core GPU	8TB	3200		Mac Pro		2023	M2 Ultra
Mac Pro (2023) A2786 M2 Ultra 24 Core CPU 76 Core GPU	4TB	2930		Mac Pro		2023	M2 Ultra
Mac Pro (2023) A2787 M2 Ultra 24 Core CPU 76 Core GPU	4TB	2930		Mac Pro		2023	M2 Ultra
Mac Pro (2023) A2786 M2 Ultra 24 Core CPU 76 Core GPU	2TB	2700		Mac Pro		2023	M2 Ultra
Mac Pro (2023) A2787 M2 Ultra 24 Core CPU 76 Core GPU	2TB	2700		Mac Pro		2023	M2 Ultra
Mac Pro (2023) A2786 M2 Ultra 24 Core CPU 60 Core GPU	8TB	2690		Mac Pro		2023	M2 Ultra
Mac Pro (2023) A2787 M2 Ultra 24 Core CPU 60 Core GPU	8TB	2690		Mac Pro		2023	M2 Ultra
Mac Pro (2023) A2786 M2 Ultra 24 Core CPU 60 Core GPU	4TB	2350		Mac Pro		2023	M2 Ultra
Mac Pro (2023) A2787 M2 Ultra 24 Core CPU 60 Core GPU	4TB	2350		Mac Pro		2023	M2 Ultra
Mac Pro (2023) A2786 M2 Ultra 24 Core CPU 76 Core GPU	1TB	2350		Mac Pro		2023	M2 Ultra
Mac Pro (2023) A2787 M2 Ultra 24 Core CPU 76 Core GPU	1TB	2350		Mac Pro		2023	M2 Ultra
Mac Pro (2023) A2786 M2 Ultra 24 Core CPU 60 Core GPU	2TB	1955		Mac Pro		2023	M2 Ultra
Mac Pro (2023) A2787 M2 Ultra 24 Core CPU 60 Core GPU	2TB	1955		Mac Pro		2023	M2 Ultra
Mac Pro (2023) A2786 M2 Ultra 24 Core CPU 60 Core GPU	1TB	1820		Mac Pro		2023	M2 Ultra
Mac Pro (2023) A2787 M2 Ultra 24 Core CPU 60 Core GPU	1TB	1820		Mac Pro		2023	M2 Ultra
Mac Pro (2019) A1991 Intel Xeon W 12 Core 3.3	8TB	590		Mac Pro		2019	
Mac Pro (2019) A2304 Intel Xeon W 12 Core 3.3	8TB	590		Mac Pro		2019	
Mac Pro (2019) A1991 Intel Xeon W 16 Core 3.2	8TB	590		Mac Pro		2019	
Mac Pro (2019) A2304 Intel Xeon W 16 Core 3.2	8TB	590		Mac Pro		2019	
Mac Pro (2019) A1991 Intel Xeon W 24 Core 2.7	8TB	590		Mac Pro		2019	
Mac Pro (2019) A2304 Intel Xeon W 24 Core 2.7	8TB	590		Mac Pro		2019	
Mac Pro (2019) A1991 Intel Xeon W 28 Core 2.5	8TB	590		Mac Pro		2019	
Mac Pro (2019) A2304 Intel Xeon W 28 Core 2.5	8TB	590		Mac Pro		2019	
Mac Pro (2019) A1991 Intel Xeon W 8 Core 3.5	8TB	590		Mac Pro		2019	
Mac Pro (2019) A2304 Intel Xeon W 8 Core 3.5	8TB	590		Mac Pro		2019	
Mac Pro (2019) A1991 Intel Xeon W 12 Core 3.3	4TB	555		Mac Pro		2019	
Mac Pro (2019) A2304 Intel Xeon W 12 Core 3.3	4TB	555		Mac Pro		2019	
Mac Pro (2019) A1991 Intel Xeon W 16 Core 3.2	4TB	555		Mac Pro		2019	
Mac Pro (2019) A2304 Intel Xeon W 16 Core 3.2	4TB	555		Mac Pro		2019	
Mac Pro (2019) A1991 Intel Xeon W 24 Core 2.7	4TB	555		Mac Pro		2019	
Mac Pro (2019) A2304 Intel Xeon W 24 Core 2.7	4TB	555		Mac Pro		2019	
Mac Pro (2019) A1991 Intel Xeon W 28 Core 2.5	4TB	555		Mac Pro		2019	
Mac Pro (2019) A2304 Intel Xeon W 28 Core 2.5	4TB	555		Mac Pro		2019	
Mac Pro (2019) A1991 Intel Xeon W 8 Core 3.5	4TB	555		Mac Pro		2019	
Mac Pro (2019) A2304 Intel Xeon W 8 Core 3.5	4TB	555		Mac Pro		2019	
Mac Pro (2019) A1991 Intel Xeon W 12 Core 3.3	2TB	535		Mac Pro		2019	
Mac Pro (2019) A2304 Intel Xeon W 12 Core 3.3	2TB	535		Mac Pro		2019	
Mac Pro (2019) A1991 Intel Xeon W 16 Core 3.2	2TB	535		Mac Pro		2019	
Mac Pro (2019) A2304 Intel Xeon W 16 Core 3.2	2TB	535		Mac Pro		2019	
Mac Pro (2019) A1991 Intel Xeon W 24 Core 2.7	2TB	535		Mac Pro		2019	
Mac Pro (2019) A2304 Intel Xeon W 24 Core 2.7	2TB	535		Mac Pro		2019	
Mac Pro (2019) A1991 Intel Xeon W 28 Core 2.5	2TB	535		Mac Pro		2019	
Mac Pro (2019) A2304 Intel Xeon W 28 Core 2.5	2TB	535		Mac Pro		2019	
Mac Pro (2019) A1991 Intel Xeon W 8 Core 3.5	2TB	535		Mac Pro		2019	
Mac Pro (2019) A2304 Intel Xeon W 8 Core 3.5	2TB	535		Mac Pro		2019	
Mac Pro (2019) A1991 Intel Xeon W 12 Core 3.3	1TB	510		Mac Pro		2019	
Mac Pro (2019) A2304 Intel Xeon W 12 Core 3.3	1TB	510		Mac Pro		2019	
Mac Pro (2019) A1991 Intel Xeon W 16 Core 3.2	1TB	510		Mac Pro		2019	
Mac Pro (2019) A2304 Intel Xeon W 16 Core 3.2	1TB	510		Mac Pro		2019	
Mac Pro (2019) A1991 Intel Xeon W 24 Core 2.7	1TB	510		Mac Pro		2019	
Mac Pro (2019) A2304 Intel Xeon W 24 Core 2.7	1TB	510		Mac Pro		2019	
Mac Pro (2019) A1991 Intel Xeon W 28 Core 2.5	1TB	510		Mac Pro		2019	
Mac Pro (2019) A2304 Intel Xeon W 28 Core 2.5	1TB	510		Mac Pro		2019	
Mac Pro (2019) A1991 Intel Xeon W 8 Core 3.5	1TB	510		Mac Pro		2019	
Mac Pro (2019) A2304 Intel Xeon W 8 Core 3.5	1TB	510		Mac Pro		2019	
Mac Pro (2019) A1991 Intel Xeon W 12 Core 3.3	256GB	470		Mac Pro		2019	
Mac Pro (2019) A2304 Intel Xeon W 12 Core 3.3	256GB	470		Mac Pro		2019	
Mac Pro (2019) A1991 Intel Xeon W 16 Core 3.2	256GB	470		Mac Pro		2019	
Mac Pro (2019) A2304 Intel Xeon W 16 Core 3.2	256GB	470		Mac Pro		2019	
Mac Pro (2019) A1991 Intel Xeon W 24 Core 2.7	256GB	470		Mac Pro		2019	
Mac Pro (2019) A2304 Intel Xeon W 24 Core 2.7	256GB	470		Mac Pro		2019	
Mac Pro (2019) A1991 Intel Xeon W 28 Core 2.5	256GB	470		Mac Pro		2019	
Mac Pro (2019) A2304 Intel Xeon W 28 Core 2.5	256GB	470		Mac Pro		2019	
Mac Pro (2019) A1991 Intel Xeon W 8 Core 3.5	256GB	470		Mac Pro		2019	
Mac Pro (2019) A2304 Intel Xeon W 8 Core 3.5	256GB	470		Mac Pro		2019	
Mac mini (2023) A2686 M2 Pro 12 Core CPU 19 Core GPU	8TB	525		Mac mini		2023	M2 Pro
Mac mini (2023) A2686 M2 Pro 10 Core CPU 16 Core GPU	8TB	505		Mac mini		2023	M2 Pro
Mac mini (2023) A2686 M2 Pro 12 Core CPU 19 Core GPU	4TB	465		Mac mini		2023	M2 Pro
Mac mini (2023) A2686 M2 Pro 10 Core CPU 16 Core GPU	4TB	410		Mac mini		2023	M2 Pro
Mac mini (2023) A2686 M2 Pro 12 Core CPU 19 Core GPU	2TB	405		Mac mini		2023	M2 Pro
Mac mini (2023) A2686 M2 Pro 12 Core CPU 19 Core GPU	1TB	375		Mac mini		2023	M2 Pro
Mac mini (2023) A2686 M2 Pro 10 Core CPU 16 Core GPU	2TB	355		Mac mini		2023	M2 Pro
Mac mini (2023) A2686 M2 Pro 10 Core CPU 16 Core GPU	1TB	330		Mac mini		2023	M2 Pro
Mac mini (2023) A2686 M2 8 Core CPU 10 Core GPU	2TB	300		Mac mini		2023	M2
Mac mini (2023) A2686 M2 Pro 12 Core CPU 19 Core GPU	512GB	290		Mac mini		2023	M2 Pro
Mac mini (2023) A2686 M2 8 Core CPU 10 Core GPU	1TB	270		Mac mini		2023	M2
Mac mini (2023) A2686 M2 Pro 10 Core CPU 16 Core GPU	512GB	260		Mac mini		2023	M2 Pro
Mac mini (2023) A2686 M2 8 Core CPU 10 Core GPU	512GB	220		Mac mini		2023	M2
Mac mini (2023) A2686 M2 8 Core CPU 10 Core GPU	256GB	175		Mac mini		2023	M2
Mac mini (M1, 2020) A2348 M1 8 Core CPU 8 Core GPU	2TB	135		Mac mini		2020	M1
Mac mini (M1, 2020) A2348 M1 8 Core CPU 8 Core GPU	1TB	125		Mac mini		2020	M1
Mac mini (M1, 2020) A2348 M1 8 Core CPU 8 Core GPU	512GB	100		Mac mini		2020	M1
Mac mini (M1, 2020) A2348 M1 8 Core CPU 8 Core GPU	256GB	75		Mac mini		2020	M1
iMac Pro (2017) A1862 Intel Xeon W 10 Core 3.0	4TB	500		Mac Pro		2017	
iMac Pro (2017) A1862 Intel Xeon W 14 Core 2.5	4TB	480		Mac Pro		2017	
iMac Pro (2017) A1862 Intel Xeon W 10 Core 3.0	1TB	415		Mac Pro		2017	
iMac Pro (2017) A1862 Intel Xeon W 10 Core 3.0	2TB	415		Mac Pro		2017	
iMac Pro (2017) A1862 Intel Xeon W 14 Core 2.5	1TB	385		Mac Pro		2017	
iMac Pro (2017) A1862 Intel Xeon W 14 Core 2.5	2TB	385		Mac Pro		2017	
iMac Pro (2017) A1862 Intel Xeon W 18 Core 2.3	4TB	355		Mac Pro		2017	
iMac Pro (2017) A1862 Intel Xeon W 18 Core 2.3	1TB	320		Mac Pro		2017	
iMac Pro (2017) A1862 Intel Xeon W 18 Core 2.3	2TB	320		Mac Pro		2017	
iMac Pro (2017) A1862 Intel Xeon W 8 Core 3.2	4TB	250		Mac Pro		2017	
iMac Pro (2017) A1862 Intel Xeon W 8 Core 3.2	2TB	215		Mac Pro		2017	
iMac Pro (2017) A1862 Intel Xeon W 8 Core 3.2	1TB	200		Mac Pro		2017	
iMac (24 pulgadas, 2023, cuatro puertos) A2873 M3 8 Core CPU 10 Core GPU	2TB	335		iMac	24 pulgadas	2023	M3
iMac (24 pulgadas, 2023, cuatro puertos) A2873 M3 8 Core CPU 10 Core GPU	1TB	325		iMac	24 pulgadas	2023	M3
iMac (24 pulgadas, 2023, cuatro puertos) A2873 M3 8 Core CPU 10 Core GPU	512GB	300		iMac	24 pulgadas	2023	M3
iMac (24 pulgadas, 2023, dos puertos) A2874 M3 8 Core CPU 8 Core GPU	1TB	295		iMac	24 pulgadas	2023	M3
iMac (24 pulgadas, 2023, cuatro puertos) A2873 M3 8 Core CPU 10 Core GPU	256GB	290		iMac	24 pulgadas	2023	M3
iMac (24 pulgadas, 2023, dos puertos) A2874 M3 8 Core CPU 8 Core GPU	512GB	280		iMac	24 pulgadas	2023	M3
iMac (24 pulgadas, 2023, dos puertos) A2874 M3 8 Core CPU 8 Core GPU	256GB	245		iMac	24 pulgadas	2023	M3
iMac (24 pulgadas, 2021) A2438 M1 8 Core CPU 8 Core GPU	2TB	240		iMac	24 pulgadas	2021	M1
iMac (24 pulgadas, 2021) A2438 M1 8 Core CPU 8 Core GPU	1TB	220		iMac	24 pulgadas	2021	M1
iMac (24 pulgadas, 2021) A2438 M1 8 Core CPU 8 Core GPU	512GB	210		iMac	24 pulgadas	2021	M1
iMac (24 pulgadas, 2021) A2439 M1 8 Core CPU 7 Core GPU	1TB	210		iMac	24 pulgadas	2021	M1
iMac (24 pulgadas, 2021) A2438 M1 8 Core CPU 8 Core GPU	256GB	190		iMac	24 pulgadas	2021	M1
iMac (24 pulgadas, 2021) A2439 M1 8 Core CPU 7 Core GPU	512GB	185		iMac	24 pulgadas	2021	M1
iMac (24 pulgadas, 2021) A2439 M1 8 Core CPU 7 Core GPU	256GB	165		iMac	24 pulgadas	2021	M1
iMac (Retina, 5K, 27 pulgadas, 2020) A2115 Core i9 3.6	2TB	375		iMac	27 pulgadas	2020	Core I9 3.6
iMac (Retina, 5K, 27 pulgadas, 2020) A2115 Core i9 3.6	4TB	375		iMac	27 pulgadas	2020	Core I9 3.6
iMac (Retina, 5K, 27 pulgadas, 2020) A2115 Core i9 3.6	8TB	375		iMac	27 pulgadas	2020	Core I9 3.6
iMac (Retina, 5K, 27 pulgadas, 2020) A2115 Core i9 3.6	1TB	370		iMac	27 pulgadas	2020	Core I9 3.6
iMac (Retina, 5K, 27 pulgadas, 2020) A2115 Core i9 3.6	512GB	360		iMac	27 pulgadas	2020	Core I9 3.6
iMac (Retina, 5K, 27 pulgadas, 2020) A2115 Core i7 3.8	2TB	335		iMac	27 pulgadas	2020	Core I7 3.8
iMac (Retina, 5K, 27 pulgadas, 2020) A2115 Core i7 3.8	4TB	335		iMac	27 pulgadas	2020	Core I7 3.8
iMac (Retina, 5K, 27 pulgadas, 2020) A2115 Core i7 3.8	8TB	335		iMac	27 pulgadas	2020	Core I7 3.8
iMac (Retina, 5K, 27 pulgadas, 2020) A2115 Core i7 3.8	1TB	330		iMac	27 pulgadas	2020	Core I7 3.8
iMac (Retina, 5K, 27 pulgadas, 2020) A2115 Core i7 3.8	512GB	315		iMac	27 pulgadas	2020	Core I7 3.8
iMac (Retina, 5K, 27 pulgadas, 2020) A2115 Core i5 3.3	1TB	255		iMac	27 pulgadas	2020	Core I5 3.3
iMac (Retina, 5K, 27 pulgadas, 2020) A2115 Core i5 3.3	2TB	255		iMac	27 pulgadas	2020	Core I5 3.3
iMac (Retina, 5K, 27 pulgadas, 2020) A2115 Core i5 3.3	512GB	245		iMac	27 pulgadas	2020	Core I5 3.3
iMac (Retina, 5K, 27 pulgadas, 2020) A2115 Core i5 3.1	256GB	215		iMac	27 pulgadas	2020	Core I5 3.1
iMac (Retina 5K, 27 pulgadas, 2019) A2115 Core i9 3.6	3TB	310		iMac	27 pulgadas	2019	Core I9 3.6
iMac (Retina 5K, 27 pulgadas, 2019) A2115 Core i9 3.6	2TB	305		iMac	27 pulgadas	2019	Core I9 3.6
iMac (Retina 5K, 27 pulgadas, 2019) A2115 Core i9 3.6	2TB	300		iMac	27 pulgadas	2019	Core I9 3.6
iMac (Retina 5K, 27 pulgadas, 2019) A2115 Core i9 3.6	1TB	275		iMac	27 pulgadas	2019	Core I9 3.6
iMac (Retina 5K, 27 pulgadas, 2019) A2115 Core i9 3.6	1TB	275		iMac	27 pulgadas	2019	Core I9 3.6
iMac (Retina 5K, 27 pulgadas, 2019) A2115 Core i9 3.6	256GB	275		iMac	27 pulgadas	2019	Core I9 3.6
iMac (Retina 5K, 27 pulgadas, 2019) A2115 Core i9 3.6	512GB	275		iMac	27 pulgadas	2019	Core I9 3.6
iMac (Retina 5K, 27 pulgadas, 2019) A2115 Core i5 3.7	1TB	250		iMac	27 pulgadas	2019	Core I5 3.7
iMac (Retina 5K, 27 pulgadas, 2019) A2115 Core i5 3.7	2TB	250		iMac	27 pulgadas	2019	Core I5 3.7
iMac (Retina 5K, 27 pulgadas, 2019) A2115 Core i5 3.7	2TB	250		iMac	27 pulgadas	2019	Core I5 3.7
iMac (Retina 5K, 27 pulgadas, 2019) A2115 Core i5 3.7	3TB	250		iMac	27 pulgadas	2019	Core I5 3.7
iMac (Retina 5K, 27 pulgadas, 2019) A2115 Core i5 3.7	512GB	230		iMac	27 pulgadas	2019	Core I5 3.7
iMac (Retina 5K, 27 pulgadas, 2019) A2115 Core i5 3.1	1TB	215		iMac	27 pulgadas	2019	Core I5 3.1
iMac (Retina 5K, 27 pulgadas, 2019) A2115 Core i5 3.1	1TB	215		iMac	27 pulgadas	2019	Core I5 3.1
iMac (Retina 5K, 27 pulgadas, 2019) A2115 Core i5 3.1	2TB	215		iMac	27 pulgadas	2019	Core I5 3.1
iMac (Retina 5K, 27 pulgadas, 2019) A2115 Core i5 3.1	3TB	215		iMac	27 pulgadas	2019	Core I5 3.1
iMac (Retina 5K, 27 pulgadas, 2019) A2115 Core i5 3.1	512GB	215		iMac	27 pulgadas	2019	Core I5 3.1
iMac (Retina 5K, 27 pulgadas, 2019) A2115 Core i5 3.1	256GB	205		iMac	27 pulgadas	2019	Core I5 3.1
iMac (Retina 5K, 27 pulgadas, 2019) A2115 Core i5 3.0	1TB	180		iMac	27 pulgadas	2019	Core I5 3.0
iMac (Retina 5K, 27 pulgadas, 2019) A2115 Core i5 3.0	2TB	180		iMac	27 pulgadas	2019	Core I5 3.0
iMac (Retina 5K, 27 pulgadas, 2019) A2115 Core i5 3.0	512GB	180		iMac	27 pulgadas	2019	Core I5 3.0
iMac (Retina 5K, 27 pulgadas, 2019) A2115 Core i5 3.0	1TB	175		iMac	27 pulgadas	2019	Core I5 3.0
iMac (Retina 5K, 27 pulgadas, 2019) A2115 Core i5 3.0	256GB	145		iMac	27 pulgadas	2019	Core I5 3.0
iMac (Retina 5K, 27 pulgadas, 2017) A1419 Core i5 3.8	1TB	170		iMac	27 pulgadas	2017	Core I5 3.8
iMac (Retina 5K, 27 pulgadas, 2017) A1419 Core i5 3.8	2TB	170		iMac	27 pulgadas	2017	Core I5 3.8
iMac (Retina 5K, 27 pulgadas, 2017) A1419 Core i5 3.8	2TB	170		iMac	27 pulgadas	2017	Core I5 3.8
iMac (Retina 5K, 27 pulgadas, 2017) A1419 Core i5 3.8	3TB	170		iMac	27 pulgadas	2017	Core I5 3.8
iMac (Retina 5K, 27 pulgadas, 2017) A1419 Core i5 3.8	512GB	170		iMac	27 pulgadas	2017	Core I5 3.8
iMac (Retina 5K, 27 pulgadas, 2017) A1419 Core i7 4.2	1TB	170		iMac	27 pulgadas	2017	Core I7 4.2
iMac (Retina 5K, 27 pulgadas, 2017) A1419 Core i7 4.2	1TB	170		iMac	27 pulgadas	2017	Core I7 4.2
iMac (Retina 5K, 27 pulgadas, 2017) A1419 Core i7 4.2	256GB	170		iMac	27 pulgadas	2017	Core I7 4.2
iMac (Retina 5K, 27 pulgadas, 2017) A1419 Core i7 4.2	2TB	170		iMac	27 pulgadas	2017	Core I7 4.2
iMac (Retina 5K, 27 pulgadas, 2017) A1419 Core i7 4.2	2TB	170		iMac	27 pulgadas	2017	Core I7 4.2
iMac (Retina 5K, 27 pulgadas, 2017) A1419 Core i7 4.2	3TB	170		iMac	27 pulgadas	2017	Core I7 4.2
iMac (Retina 5K, 27 pulgadas, 2017) A1419 Core i7 4.2	512GB	170		iMac	27 pulgadas	2017	Core I7 4.2
iMac (Retina 5K, 27 pulgadas, 2017) A1419 Core i5 3.5	1TB	135		iMac	27 pulgadas	2017	Core I5 3.5
iMac (Retina 5K, 27 pulgadas, 2017) A1419 Core i5 3.5	1TB	135		iMac	27 pulgadas	2017	Core I5 3.5
iMac (Retina 5K, 27 pulgadas, 2017) A1419 Core i5 3.5	256GB	135		iMac	27 pulgadas	2017	Core I5 3.5
iMac (Retina 5K, 27 pulgadas, 2017) A1419 Core i5 3.5	2TB	135		iMac	27 pulgadas	2017	Core I5 3.5
iMac (Retina 5K, 27 pulgadas, 2017) A1419 Core i5 3.5	3TB	135		iMac	27 pulgadas	2017	Core I5 3.5
iMac (Retina 5K, 27 pulgadas, 2017) A1419 Core i5 3.5	512GB	135		iMac	27 pulgadas	2017	Core I5 3.5
iMac (Retina 5K, 27 pulgadas, 2017) A1419 Core i5 3.4	1TB	105		iMac	27 pulgadas	2017	Core I5 3.4
iMac (Retina 5K, 27 pulgadas, 2017) A1419 Core i5 3.4	1TB	105		iMac	27 pulgadas	2017	Core I5 3.4
iMac (Retina 5K, 27 pulgadas, 2017) A1419 Core i5 3.4	256GB	105		iMac	27 pulgadas	2017	Core I5 3.4
iMac (Retina 5K, 27 pulgadas, 2017) A1419 Core i5 3.4	2TB	105		iMac	27 pulgadas	2017	Core I5 3.4
iMac (Retina 5K, 27 pulgadas, 2017) A1419 Core i5 3.4	512GB	105		iMac	27 pulgadas	2017	Core I5 3.4
